<assembly xmlns="http://maven.apache.org/plugins/maven-assembly-plugin/assembly/1.1.2"
          xmlns:xsi="http://www.w3.org/2001/XMLSchema-instance"
          xsi:schemaLocation="http://maven.apache.org/plugins/maven-assembly-plugin/assembly/1.1.2 http://maven.apache.org/xsd/assembly-1.1.2.xsd">
    
    <id>layout</id>
    <formats>
        <format>zip</format>
    </formats>
    
    <includeBaseDirectory>false</includeBaseDirectory>
    
    <fileSets>
        <fileSet>
            <directory>${basedir}/src/main/webapp/resources/atlantis-layout</directory>
            <outputDirectory>/resources/atlantis-layout</outputDirectory>
        </fileSet>
        <fileSet>
            <directory>${basedir}/src/main/webapp</directory>
            <includes>
                <include>notfound.xhtml</include>
                <include>access.xhtml</include>
                <include>login.xhtml</include>
                <include>empty.xhtml</include>
                <include>error.xhtml</include>
                <include>landing.xhtml</include>
                <include>invoice.xhtml</include>
                <include>help.xhtml</include>
            </includes>
            <outputDirectory>/</outputDirectory>
        </fileSet>
        <fileSet>
            <directory>${basedir}/src/main/webapp/WEB-INF</directory>
            <includes>
                <include>*.xhtml</include>
            </includes>
            <outputDirectory>/WEB-INF</outputDirectory>
        </fileSet>
        <fileSet>
            <directory>${basedir}/src/main/webapp/resources/sass</directory>
            <outputDirectory>/sass</outputDirectory>
        </fileSet>
    </fileSets>
    
</assembly>